Country Name,Country Code,Series Name,Series Code,2005 [YR2005],2006 [YR2006],2007 [YR2007],2008 [YR2008],2009 [YR2009],2010 [YR2010],2011 [YR2011],2012 [YR2012],2013 [YR2013],2014 [YR2014],2015 [YR2015],2016 [YR2016],2017 [YR2017]
Afghanistan,AFG,Population density (people per sq. km of land area),EN.POP.DNST,39.2952194957571,40.488081671415,41.5104861685507,42.4628189810986,43.4929586741415,44.7040820390283,46.1315029255889,47.7305639800263,49.4280381705113,51.1147780534877,52.7120715007812,54.1971142358239,55.5959930153479
Albania,ALB,Population density (people per sq. km of land area),EN.POP.DNST,109.908284671533,109.21704379562,108.394781021898,107.566204379562,106.843759124088,106.314635036496,106.02901459854,105.854051094891,105.660291970803,105.441751824818,105.135145985401,104.967189781022,104.870693430657
Algeria,DZA,Population density (people per sq. km of land area),EN.POP.DNST,13.9182799130048,14.1245484393763,14.3453827873739,14.5820316239388,14.8353224953185,15.1055341892902,15.3927145700202,15.6960402898721,16.0135581549623,16.3425424269652,16.680252672416,17.0259574932612,17.3777146120063
American Samoa,ASM,Population density (people per sq. km of land area),EN.POP.DNST,297.81,295.535,291.825,287.46,283.415,280.395,278.795,278.335,278.565,278.955,279.06,278.705,278.1
Andorra,AND,Population density (people per sq. km of land area),EN.POP.DNST,167.802127659574,172.325531914894,175.923404255319,178.429787234043,179.708510638298,179.678723404255,178.185106382979,175.376595744681,171.859574468085,168.53829787234,165.98085106383,164.46170212766,163.831914893617
Angola,AGO,Population density (people per sq. km of land area),EN.POP.DNST,15.5880340097858,16.1625900376995,16.7685593968076,17.4024496671212,18.0591008261811,18.7344557632149,19.427818240154,20.1395131146226,20.8677147669848,21.6104748536135,22.3665524985963,23.1350637683484,23.9165380604797
Antigua and Barbuda,ATG,Population density (people per sq. km of land area),EN.POP.DNST,185.147727272727,187.963636363636,190.968181818182,194.084090909091,197.15,200.063636363636,202.847727272727,205.475,207.990909090909,210.368181818182,212.65,214.834090909091,216.877272727273
Argentina,ARG,Population density (people per sq. km of land area),EN.POP.DNST,14.211668475421,14.3567148635761,14.5008367772747,14.6454877973026,14.7926100508278,14.904301546759,15.0771515955406,15.2495426957383,15.421160233713,15.5916453818299,15.7606327351655,15.9281350828921,16.0941907925267
Armenia,ARM,Population density (people per sq. km of land area),EN.POP.DNST,104.716157358623,103.909624165789,103.007305936073,102.1291886196,101.443343870741,101.064945556726,101.03751317176,101.307657183,101.77674745346,102.297260273973,102.759149982438,103.131225851774,103.435511064278
Aruba,ABW,Population density (people per sq. km of land area),EN.POP.DNST,555.727777777778,560.188888888889,562.344444444444,563.1,563.638888888889,564.827777777778,566.922222222222,569.777777777778,573.105555555556,576.522222222222,579.672222222222,582.622222222222,585.366666666667
Australia,AUS,Population density (people per sq. km of land area),EN.POP.DNST,2.65477786600367,2.69423219608711,2.71111516082423,2.76599455892116,2.82359449643987,2.86785858401781,2.90798641031983,2.95920036968095,3.01057352615753,3.05581479504836,3.10011259648803,3.14493553058884,3.19836141871706
Austria,AUT,Population density (people per sq. km of land area),EN.POP.DNST,99.6346451925406,100.128856866069,100.45638301005,100.771345840527,101.035665641397,101.287430158942,101.6417363772,102.114865434913,102.7471301857,103.563324191706,104.730792682674,105.869493435483,106.607445296677
Azerbaijan,AZE,Population density (people per sq. km of land area),EN.POP.DNST,101.522501814662,102.672529248009,103.853363762393,106.059760040326,108.291287895398,109.542349350317,110.976338851057,112.460792901473,113.92347542296,115.34881658409,116.731079539702,118.033288980283,119.197205757832
"Bahamas, The",BHS,Population density (people per sq. km of land area),EN.POP.DNST,32.4534465534466,33.0702297702298,33.7051948051948,34.3337662337662,34.9254745254745,35.4587412587413,35.9217782217782,36.3220779220779,36.6801198801199,37.0262737262737,37.3832167832168,37.7553446553447,38.137962037962
Bahrain,BHR,Population density (people per sq. km of land area),EN.POP.DNST,1201.57297297297,1295.15945945946,1381.22533333333,1466.63289473684,1559.31052631579,1628.42526206771,1666.42901024169,1688.23766233766,1707.82987012987,1732.91183714933,1763.30455808254,1832.63617490023,1920.40352364259
Bangladesh,BGD,Population density (people per sq. km of land area),EN.POP.DNST,1068.10712913882,1082.59327802105,1095.95433663671,1108.5823692095,1121.03247292003,1133.71306752708,1146.76022124914,1160.0814857494,1173.57821310594,1187.06435430591,1200.40159791042,1213.57332718752,1226.63127448721
Barbados,BRB,Population density (people per sq. km of land area),EN.POP.DNST,642.611627906977,645.295348837209,648.139534883721,651.037209302326,653.73023255814,656.118604651163,658.109302325581,659.767441860465,661.153488372093,662.383720930233,663.544186046512,664.641860465116,665.658139534884
Belarus,BLR,Population density (people per sq. km of land area),EN.POP.DNST,47.6453926933886,47.3382158698866,47.1215032035485,46.9590192212913,46.8729168721033,46.7746821094135,46.6865704006702,46.6438075994283,46.6516679260248,46.6786746775327,46.751941760932,46.8083514016087,46.792242075569
Belgium,BEL,Population density (people per sq. km of land area),EN.POP.DNST,346.057364597094,348.347357992074,350.914795244386,353.697919418758,356.555250990753,359.827807133421,364.539762219287,366.807529722589,368.540521796565,370.180217965654,372.33143989432,374.221334214003,375.66571994716
Belize,BLZ,Population density (people per sq. km of land area),EN.POP.DNST,12.4419114423498,12.7719859710653,13.1093818500658,13.4512494519947,13.7946076282332,14.1369574747918,14.477729066199,14.8180622533976,15.1562911003946,15.4917141604559,15.8234546251644,16.1508110477861,16.4738711091626
Benin,BEN,Population density (people per sq. km of land area),EN.POP.DNST,70.7895086910252,72.870672224193,74.9804274565449,77.1277137282724,79.325186236254,81.5826445548067,83.9023589925505,86.2827953174885,88.724618659099,91.2277580702377,93.7916991841078,96.4177633912735,99.1061014544165
Bermuda,BMU,Population density (people per sq. km of land area),EN.POP.DNST,1188.03701605555,1194.8703492682,1201.62960840809,1208.7592379118,1215.48146001531,1205.99997870127,1195.62960851405,1199.96294177086,1203.72220096372,1206.27775647415,1208.12960829329,1195.46294185033,1182.85183096194
Bhutan,BTN,Population density (people per sq. km of land area),EN.POP.DNST,17.0196764779597,17.2471602807531,17.4430308921768,17.6197761786973,17.795813119851,17.9841805173895,18.1886824482827,18.4060395358324,18.6331035784084,18.8644439281988,19.0958367480163,19.3138899659506,19.5461414400175
Bolivia,BOL,Population density (people per sq. km of land area),EN.POP.DNST,8.52239084279516,8.67298624573064,8.82344595218314,8.97392596695283,9.12469399058433,9.27590695098311,9.427632234838,9.57968799039971,9.73172343764424,9.88324286901135,10.0339056586357,10.1835253392412,10.3321831440967
Bosnia and Herzegovina,BIH,Population density (people per sq. km of land area),EN.POP.DNST,73.54162109375,73.5434375,73.4919140625,73.32560546875,72.9675390625,72.3725,71.50732421875,70.409609375,69.19150390625,68.00984375,66.97970703125,66.13802734375,65.45951171875
Botswana,BWA,Population density (people per sq. km of land area),EN.POP.DNST,3.17448873361213,3.23947558802252,3.30926367053094,3.38016162899441,3.44696416282886,3.50626400578759,3.55619430769502,3.59880542762868,3.63936265946747,3.68537751663049,3.74202177403702,3.81123992024421,3.89096748010516
Brazil,BRA,Population density (people per sq. km of land area),EN.POP.DNST,22.2689621135803,22.5130658256502,22.7479371008382,22.9752507136755,23.1973271565205,23.4159316546504,23.6313981340346,23.8434981945744,24.0527082580574,24.2594327206771,24.4637884744692,24.6661407920901,24.8660384966033
British Virgin Islands,VGB,Population density (people per sq. km of land area),EN.POP.DNST,154.046666666667,160.153333333333,166.98,173.98,180.26,185.293333333333,188.793333333333,191,192.313333333333,193.26,194.346666666667,195.7,197.18
Brunei Darussalam,BRN,Population density (people per sq. km of land area),EN.POP.DNST,69.2815939278937,70.2586337760911,71.1508538899431,71.996394686907,72.8474383301708,73.7468690702087,74.703605313093,75.7094876660342,76.7402277039848,77.7550284629981,78.7299810246679,79.6584440227704,80.5451612903226
Bulgaria,BGR,Population density (people per sq. km of land area),EN.POP.DNST,70.4986377025037,69.9716652858326,69.4718534204954,68.98592210662,68.5744565217391,68.1245302137067,67.6890935887988,67.2981577008106,66.922577376566,66.5432756079587,66.1200350036846,65.6579034635225,65.1800571112749
Burkina Faso,BFA,Population density (people per sq. km of land area),EN.POP.DNST,49.0567616959064,50.5452339181287,52.0907200292398,53.6905153508772,55.3402704678363,57.0366118421053,58.7789144736842,60.5674195906433,62.4004934210526,64.2763779239766,66.1938011695906,68.151966374269,70.1508918128655
Burundi,BDI,Population density (people per sq. km of land area),EN.POP.DNST,286.793691588785,296.255802180685,306.160981308411,316.43699376947,327.01199376947,337.834968847352,348.847585669782,360.046261682243,371.506580996885,383.344898753894,395.639797507788,408.411137071651,421.61308411215
Cabo Verde,CPV,Population density (people per sq. km of land area),EN.POP.DNST,114.896277915633,116.41935483871,117.880893300248,119.315632754342,120.762034739454,122.246650124069,123.785607940447,125.368486352357,126.984615384615,128.602729528536,130.209181141439,131.798014888337,133.373945409429
Cambodia,KHM,Population density (people per sq. km of land area),EN.POP.DNST,75.1946181735781,76.3523056877408,77.4980852028099,78.6530364831181,79.8414004078858,81.0798323136189,82.3783310673012,83.7324609109449,85.1253795603898,86.531288239293,87.9301835486064,89.3173181509177,90.6946181735781
Cameroon,CMR,Population density (people per sq. km of land area),EN.POP.DNST,37.5143534090669,38.5514882274545,39.6231981553172,40.7282816102896,41.8648198684183,43.0311205601743,44.2266675128514,45.45126187303,46.7036830191872,47.9826066721669,49.2868100949842,50.615681919147,51.9685325040723
Canada,CAN,Population density (people per sq. km of land area),EN.POP.DNST,3.54579837708432,3.58180438576523,3.61675799553748,3.65613695921597,3.69812041774848,3.73946792822573,3.77624569610634,3.8174722411918,3.85802116014608,3.89700291746531,3.92619659515413,3.97090749336615,4.01827985013488
Cayman Islands,CYM,Population density (people per sq. km of land area),EN.POP.DNST,205.254166666667,211.416666666667,217.833333333333,224.316666666667,230.508333333333,236.133333333333,241.158333333333,245.658333333333,249.716666666667,253.533333333333,257.183333333333,260.704166666667,264.091666666667
Central African Republic,CAF,Population density (people per sq. km of land area),EN.POP.DNST,6.48236219461299,6.61027480818004,6.73859513949083,6.85955568397059,6.96270345757488,7.04158720986227,7.09274134001092,7.12127997688529,7.13978297858679,7.1658399948634,7.21238241998138,7.28384057273107,7.37748884394363
Chad,TCD,Population density (people per sq. km of land area),EN.POP.DNST,8.018291772554,8.30457750952986,8.59118805590851,8.88150254129606,9.18054876111817,9.49184879288437,9.816541454892,10.1530733799238,10.4990660736976,10.8509839580686,11.2063016200762,11.5642201397713,11.9256456480305
Channel Islands,CHI,Population density (people per sq. km of land area),EN.POP.DNST,766.050534568193,772.767706544192,780.989929083236,790.065687008703,798.878818661425,806.73740482282,813.121243452642,818.464678001971,823.424274152672,828.787910722982,835.277809962951,843.045487029935,851.843467166921
Chile,CHL,Population density (people per sq. km of land area),EN.POP.DNST,21.7646588443462,21.9956952930533,22.2319877359016,22.4714703573841,22.7107714130507,22.9479501660676,23.1779873303205,23.402282979991,23.6324815360804,23.884591723835,24.1675573408594,24.4899577081939,24.8414839222839
China,CHN,Population density (people per sq. km of land area),EN.POP.DNST,138.867764954442,139.645345113,140.376590666872,141.097707849945,141.801240358753,142.487739610674,143.172108531324,143.871389770868,144.583452998035,145.317352120725,146.057642237226,146.850677605209,147.674050750889
Colombia,COL,Population density (people per sq. km of land area),EN.POP.DNST,38.438686795854,38.9372663361875,39.4209247408743,39.8873141054529,40.3335322217215,40.7595313204146,41.1564659756647,41.5293808021631,41.9083073456512,42.3336719242902,42.8307048219919,43.4172077512393,44.0748679585399
Comoros,COM,Population density (people per sq. km of land area),EN.POP.DNST,328.65501340166,336.606652044685,344.771616849441,353.15904268935,361.768929564415,370.602889511119,379.671669439376,388.968821203238,398.44437167162,408.054795859382,417.74528452598,427.507777488981,437.341200057394
"Congo, Dem. Rep.",COD,Population density (people per sq. km of land area),EN.POP.DNST,24.1661643986679,24.9566780617984,25.7840290245032,26.6474912331003,27.5461829249465,28.4792368937606,29.4458229858186,30.4451807414922,31.4765033854569,32.538958999581,33.6316111245892,34.7540314505635,35.9051472177499
"Congo, Rep.",COG,Population density (people per sq. km of land area),EN.POP.DNST,10.6084187408492,10.966737920937,11.3502752562225,11.7466647144949,12.1387730600293,12.5145856515373,12.8692357247438,13.2070219619327,13.536635431918,13.8710805270864,14.219897510981,14.5856486090776,14.9654524158126
Costa Rica,CRI,Population density (people per sq. km of land area),EN.POP.DNST,83.9307089698394,85.1040344692519,86.263768115942,87.4094202898551,88.5377986682334,89.6470426948688,90.7380728554642,91.8135526831179,92.8732275754015,93.9168820994908,94.9432824128476,95.9527027027027,96.9438699569134
Cote d'Ivoire,CIV,Population density (people per sq. km of land area),EN.POP.DNST,57.7185974842767,58.9777232704403,60.2869088050314,61.6527327044025,63.0790786163522,64.5690251572327,66.1278459119497,67.7584528301887,69.4575628930818,71.2191289308176,73.0381855345912,74.9141949685535,76.8473867924528
Croatia,HRV,Population density (people per sq. km of land area),EN.POP.DNST,77.0218906361687,77.0400107219442,77.0231772694782,77.014027877055,76.933184417441,76.758881343817,76.4943173695497,76.2608649035025,76.0487669764117,75.7396175839886,75.1180128663331,74.5952287348106,73.7049857040743
Cuba,CUB,Population density (people per sq. km of land area),EN.POP.DNST,105.802160841789,105.808963638072,105.70388951522,105.570941375423,105.474530251785,105.466290868095,105.150241012994,105.751116374129,108.25868355402,108.699307825418,108.871188233032,108.970476831379,109.010373005191
Curacao,CUW,Population density (people per sq. km of land area),EN.POP.DNST,310.040540540541,318.105855855856,324.45045045045,328.558558558559,330.704954954955,334.916666666667,339.709459459459,342.540540540541,346.445945945946,351.146396396396,355.810810810811,359.603603603604,360.754504504505
Cyprus,CYP,Population density (people per sq. km of land area),EN.POP.DNST,111.218831168831,113.150108225108,115.120454545455,117.052272727273,118.840151515152,120.412554112554,121.735173160173,122.840476190476,123.795021645022,124.706168831169,125.647727272727,126.643614718615,127.670995670996
Czech Republic,CZE,Population density (people per sq. km of land area),EN.POP.DNST,132.166916903961,132.542459546926,133.318161812298,134.428517799353,135.196582524272,135.608622475401,135.889280165717,136.097177262722,136.159958559959,136.30337995338,136.589288952208,136.834136234136,137.198109298109
Denmark,DNK,Population density (people per sq. km of land area),EN.POP.DNST,127.726419985859,128.146877209522,128.716427056328,129.474923403252,130.169573415037,130.749069054914,131.288522271977,133.164372469636,133.720695403668,134.400452488688,135.353250773994,136.41366992141,137.294117647059
Djibouti,DJI,Population density (people per sq. km of land area),EN.POP.DNST,33.7900776531493,34.277955133736,34.747670405522,35.2182053494392,35.712812769629,36.2466781708369,36.8280414150129,37.4519413287317,38.105823986195,38.7703192407248,39.4302415875755,40.0824849007765,40.7289473684211
Dominica,DMA,Population density (people per sq. km of land area),EN.POP.DNST,94.1186666666667,94.2906666666667,94.3933333333333,94.436,94.468,94.504,94.5546666666667,94.62,94.688,94.78,94.9106666666667,95.076,95.2773333333333
Dominican Republic,DOM,Population density (people per sq. km of land area),EN.POP.DNST,188.310018629683,190.823556199545,193.311136410681,195.778824259988,198.23508590354,200.685593044918,203.129993790106,205.566363071828,207.994700890085,210.415607534672,212.827157938315,215.22962119644,217.618112192093
Ecuador,ECU,Population density (people per sq. km of land area),EN.POP.DNST,55.6685738444194,56.6088903205025,57.5638468352392,58.5268924142374,59.4879368658399,60.4409607022065,61.3781728136576,62.3051296505073,63.2447817684007,64.2286922209696,65.27629247866,66.400044290546,67.5848002899018
"Egypt, Arab Rep.",EGY,Population density (people per sq. km of land area),EN.POP.DNST,75.8687719122005,77.2250369179768,78.5897091767542,80.000079361093,81.5056487015923,83.139519815159,84.9156160530413,86.8172585262946,88.8087196745191,90.8379667487066,92.8650831282335,94.8787704053443,96.8834125269978
El Salvador,SLV,Population density (people per sq. km of land area),EN.POP.DNST,292.090878378378,293.407287644788,294.68194980695,295.934555984556,297.185617760618,298.449565637066,299.737837837838,301.05805984556,302.416505791506,303.818918918919,305.266602316602,306.763658301158,308.307046332046
Equatorial Guinea,GNQ,Population density (people per sq. km of land area),EN.POP.DNST,26.7213903743316,27.9677718360071,29.2936541889483,30.6894830659537,32.1425668449198,33.6413190730838,35.1819251336898,36.7626024955437,38.3747950089127,40.0098395721925,41.6601782531194,43.321889483066,44.9911229946524
Eritrea,ERI,Population density (people per sq. km of land area),EN.POP.DNST,27.9867227722772,28.8931188118812,29.6686732673267,30.3245445544554,30.890297029703,31.3904455445545,31.8215049504951,..,..,..,..,..,..
Estonia,EST,Population density (people per sq. km of land area),EN.POP.DNST,31.9597782495872,31.7718801604152,31.6272705826846,31.5425807973579,31.4818353385232,31.4101203113942,31.3149091766926,31.2030195800896,30.3196917414309,30.2402806533241,30.26011042098,30.2689210950081,30.3055900621118
Eswatini,SWZ,Population density (people per sq. km of land area),EN.POP.DNST,59.9173837209302,60.2379069767442,60.6193023255814,61.0433139534884,61.4806395348837,61.9091279069767,62.3274418604651,62.7493023255814,63.1883139534884,63.664011627907,64.1886046511628,64.766511627907,65.3926162790698
Ethiopia,ETH,Population density (people per sq. km of land area),EN.POP.DNST,76.346311,78.489206,80.674348,82.916235,85.233913,87.639964,90.139927,92.726971,95.385785,98.094253,100.835458,103.603501,106.400024
Faroe Islands,FRO,Population density (people per sq. km of land area),EN.POP.DNST,34.1848122589717,34.234955523255,34.2585944907029,34.2550128289683,34.2464168408055,34.2507148348869,34.2571618260091,34.2714884729471,34.3065887579455,34.355299357535,34.4204856011033,34.5078781474256,34.6210586582365
Fiji,FJI,Population density (people per sq. km of land area),EN.POP.DNST,44.9701149425287,45.3130815544609,45.7684729064039,46.2704433497537,46.7234263820471,47.0617405582923,47.2604816639299,47.3491516146689,47.3786535303777,47.4249042145594,47.5438970990695,47.7503557744937,48.0273125342091
Finland,FIN,Population density (people per sq. km of land area),EN.POP.DNST,17.2234676122,17.3169839860577,17.3919563287185,17.4840375123396,17.5678545574202,17.6484106614018,17.7309947678436,17.8155615518773,17.8978314521702,17.9720030274112,18.0301108880919,18.0820078312658,18.1244908031983
France,FRA,Population density (people per sq. km of land area),EN.POP.DNST,115.384063944828,116.191340641695,116.912441834144,117.567641210864,118.174073061316,118.759339991649,119.335121151416,119.914109283287,120.53300011079,121.112689539524,121.619058746667,122.105587096777,122.115405252835
French Polynesia,PYF,Population density (people per sq. km of land area),EN.POP.DNST,70.7049180327869,71.3142076502732,71.781693989071,72.1478142076503,72.4737704918033,72.801912568306,73.1415300546448,73.4967213114754,73.8601092896175,74.2363387978142,74.624043715847,75.0204918032787,75.4379781420765
Gabon,GAB,Population density (people per sq. km of land area),EN.POP.DNST,5.39662746924361,5.55032405790352,5.71496487755656,5.89335196181162,6.08890441262079,6.30317848410758,6.53795552450809,6.79039857181666,7.0519307641557,7.31090154073039,7.55883882485349,7.79242053789731,8.01343967089688
"Gambia, The",GMB,Population density (people per sq. km of land area),EN.POP.DNST,152.543577075099,157.257411067194,162.040316205534,166.925395256917,171.964328063241,177.193280632411,182.623221343874,188.242193675889,194.042588932806,200.004150197628,206.112648221344,212.365513833992,218.764229249012
Georgia,GEO,Population density (people per sq. km of land area),EN.POP.DNST,68.2751145946324,67.8880821582281,67.5348682599111,67.3300150460128,66.7346478183281,66.2496063543161,65.7203016200707,65.238006928164,65.0419538822212,65.0725007872914,65.1750586094685,65.2140557752196,65.2227859617201
Germany,DEU,Population density (people per sq. km of land area),EN.POP.DNST,236.464680582636,236.225197866483,235.943361918146,235.522178240542,234.939637417171,234.606908225034,230.304633348634,230.750625466231,231.155712565925,232.108053883634,234.153668555637,235.712929356538,236.595494618731
Ghana,GHA,Population density (people per sq. km of land area),EN.POP.DNST,95.8716797046673,98.3521798365123,100.922677331458,103.559044563593,106.22721279775,108.902254548651,111.574712138525,114.250017579327,116.936107937066,119.646971960974,122.392568339633,125.173358530368,127.983963259207
Gibraltar,GIB,Population density (people per sq. km of land area),EN.POP.DNST,3321.9,3341.7,3351.7,3355.9,3356.5,3358.5,3361.2,3364.6,3369.2,3372.5,3373.6,3373.7,3372.8
Greece,GRC,Population density (people per sq. km of land area),EN.POP.DNST,85.2390535298681,85.4954383242824,85.7135221101629,85.9413576415826,86.1677036462374,86.278828549263,86.1512723041117,85.6866640806827,85.067579519007,84.5028161365399,83.947889837083,83.5994647013189,83.4342823894492
Greenland,GRL,Population density (people per sq. km of land area),EN.POP.DNST,0.138713607016689,0.138321354610793,0.137787793884761,0.137234742355951,0.137222560604215,0.138640516506274,0.138603971251066,0.138409063223292,0.137612376659764,0.137154342794494,0.136713363381654,0.136888780606651,0.136852235351444
Grenada,GRD,Population density (people per sq. km of land area),EN.POP.DNST,307.826470588235,308.626470588235,309.382352941176,310.164705882353,311.144117647059,312.45,314.105882352941,316.017647058824,318.147058823529,320.3,322.35,324.297058823529,326.1
Guam,GUM,Population density (people per sq. km of land area),EN.POP.DNST,293.337037037037,293.792592592593,294.161111111111,294.511111111111,294.862962962963,295.266666666667,295.725925925926,296.288888888889,297.05,298.177777777778,299.727777777778,301.761111111111,304.224074074074
Guatemala,GTM,Population density (people per sq. km of land area),EN.POP.DNST,122.210041060097,125.018859649123,127.849262784621,130.705748413587,133.597079134005,136.528714072415,139.499841358716,142.504460619634,145.537709966405,148.593159761105,151.665070921986,154.750466592012,157.847480403136
Guinea,GIN,Population density (people per sq. km of land area),EN.POP.DNST,37.0730139996744,37.8781743447827,38.7358049812795,39.63369689077,40.5521284388735,41.4788214227576,42.4079073742471,43.3502726680775,44.3301725541266,45.3808277714472,46.5248575614521,47.7716140322318,49.1109352108091
Guinea-Bissau,GNB,Population density (people per sq. km of land area),EN.POP.DNST,47.8282361308677,48.9893669985775,50.197119487909,51.4557610241821,52.7710170697013,54.146479374111,55.5828236130868,57.07606685633,58.6151137980085,60.1863086770982,61.7781650071124,63.3868065433855,65.0123044096728
Guyana,GUY,Population density (people per sq. km of land area),EN.POP.DNST,3.79051562103124,3.79143002286005,3.79209550419101,3.7938379476759,3.79841503683007,3.80714249428499,3.82030988061976,3.83743459486919,3.85717551435103,3.87797815595631,3.89856235712471,3.91854711709423,3.93813055626111
Haiti,HTI,Population density (people per sq. km of land area),EN.POP.DNST,333.646153846154,339.07057329463,344.532946298984,350.021044992743,355.516908563135,361.00587808418,366.484760522496,371.949564586357,377.382910014514,382.765166908563,388.082075471698,393.322568940493,398.489332365747
Honduras,HND,Population density (people per sq. km of land area),EN.POP.DNST,66.6635534900349,68.2303869872196,69.7874519617481,71.3285816426848,72.8463222808115,74.3361337027438,75.7947180266333,77.2248726427742,78.6354544642059,80.0392260255608,81.4453123603539,82.8563321118956,84.2703816248101
"Hong Kong SAR, China",HKG,Population density (people per sq. km of land area),EN.POP.DNST,6488.7619047619,6530.57142857143,6586.95238095238,6626.47619047619,6640.7619047619,6689.71428571429,6734.85714285714,6809.61904761905,6837.04761904762,6885.2380952381,6944.09523809524,6987.2380952381,7039.71428571429
Hungary,HUN,Population density (people per sq. km of land area),EN.POP.DNST,112.566287244727,112.391139381765,112.217163263029,112.020845887736,110.710814094775,110.460874848117,110.148315475533,109.580934496852,109.27959792334,108.985618027173,108.726698332045,108.406307301447,108.118480061858
Iceland,ISL,Population density (people per sq. km of land area),EN.POP.DNST,2.95994014962594,3.03024438902743,3.10789027431421,3.16622443890274,3.17704738154613,3.17247880299252,3.18218453865337,3.19916209476309,3.22956608478803,3.2656957605985,3.29990024937656,3.34602493765586,3.42543640897756
India,IND,Population density (people per sq. km of land area),EN.POP.DNST,385.98607118953,391.998591075579,397.959589531782,403.832168478974,409.568919241623,415.136997635536,420.520965360438,425.732223638583,430.798613273958,435.762323968532,440.655458615157,445.484341397623,450.243285831043
Indonesia,IDN,Population density (people per sq. km of land area),EN.POP.DNST,124.913456283776,126.585371804567,128.272296957887,129.981045170763,131.720310559349,133.494270163449,135.305953399537,137.147564267459,138.998990930519,140.833091738106,142.629462841624,144.379861666952,146.086480787383
"Iran, Islamic Rep.",IRN,Population density (people per sq. km of land area),EN.POP.DNST,42.8315694147695,43.3180824676441,43.7980273336772,44.2794543087993,44.7732244161202,45.2875310051819,45.8231759129645,46.3787556177706,46.9571594341708,47.5611833542081,48.1913940666519,48.8494412927626,49.5309014219406
Iraq,IRQ,Population density (people per sq. km of land area),EN.POP.DNST,61.5549397535268,62.7572170016233,63.816100784233,64.9009900084597,66.7092512433229,68.4794068889298,70.7434610425493,73.4251496592374,76.3762056428309,79.2668300149446,81.9395670397835,84.3314214728393,86.5016316022141
Ireland,IRL,Population density (people per sq. km of land area),EN.POP.DNST,60.3848744375091,62.0349978226158,63.8545797648425,65.1697488750181,65.8350268544056,66.1947307301495,66.4840179997097,66.7663376397155,67.1188271156917,67.6112643344462,68.2531136594571,69.027943097692,69.7835389751778
Isle of Man,IMN,Population density (people per sq. km of land area),EN.POP.DNST,140.885964912281,142.605263157895,144.575438596491,146.505263157895,148.028070175439,148.871929824561,148.922807017544,148.30350877193,147.326315789474,146.470175438597,146.024561403509,146.117543859649,146.663157894737
Israel,ISR,Population density (people per sq. km of land area),EN.POP.DNST,320.244916820702,325.956561922366,331.797597042514,337.744916820702,345.914972273567,352.292051756007,358.863216266174,365.549907578558,372.435304990758,379.653419593346,387.250462107209,394.916820702403,402.647874306839
Italy,ITA,Population density (people per sq. km of land area),EN.POP.DNST,197.081267423676,197.674505337594,198.675154688244,199.995685727885,200.908971918134,201.527901679472,201.874784116407,202.419653906303,204.779859930645,206.667369279935,206.468287210172,206.117828245053,205.809169103148
Jamaica,JAM,Population density (people per sq. km of land area),EN.POP.DNST,253.001200369344,254.331209602955,255.60729455217,256.867590027701,258.156694367498,259.506925207756,260.935272391505,262.431394275162,263.962049861496,265.478855032318,266.945614035088,268.350692520776,269.700184672207
Japan,JPN,Population density (people per sq. km of land area),EN.POP.DNST,350.543209876543,350.765432098765,351.168724279835,351.338820301783,351.294924554184,351.30983404197,350.654908038568,350.090520078999,349.585802062761,349.122229536976,348.751920122888,348.350096006144,347.777586679833
Jordan,JOR,Population density (people per sq. km of land area),EN.POP.DNST,65.340378513146,67.9004986400725,70.8893925657298,74.3027878513146,77.6442892543366,81.7925095742284,86.3159608019824,91.1339490876323,95.9722910565443,100.473631448524,104.3768303672,107.585796350529,110.150630772697
Kazakhstan,KAZ,Population density (people per sq. km of land area),EN.POP.DNST,5.61063414453458,5.67029077304886,5.73552320628218,5.80583027743823,5.96096677408601,6.04580953439271,6.13297810867874,6.21998333148128,6.31016409230655,6.40378004963514,6.49805756195133,6.59112308775049,6.68140015557284
Kenya,KEN,Population density (people per sq. km of land area),EN.POP.DNST,64.3512931791826,66.1507414695857,68.007752046948,69.9159802509049,71.8659591664617,73.84945004744,75.8657922479531,77.9130091014513,79.9801261552518,82.0535913834909,84.1240046385775,86.1856239238149,88.2409828864603
Kiribati,KIR,Population density (people per sq. km of land area),EN.POP.DNST,113.981481481481,116.472839506173,119.169135802469,121.927160493827,124.604938271605,127.07037037037,129.293827160494,131.320987654321,133.197530864198,135.050617283951,136.950617283951,138.918518518519,140.935802469136
"Korea, Dem. People’s Rep.",PRK,Population density (people per sq. km of land area),EN.POP.DNST,198.523104393323,199.774636658085,200.883074495474,201.894709741716,202.876347479445,203.87705340088,204.911427622291,205.968042521385,207.038053317831,208.103579436924,209.150676854082,210.17975251225,211.194958890458
"Korea, Rep.",KOR,Population density (people per sq. km of land area),EN.POP.DNST,497.517408363449,499.982369942197,502.307449442839,505.770780492834,508.013960436843,509.815967078189,513.804280275749,515.875583187751,517.612290578727,520.852499230217,523.525547744882,525.656278622769,527.918010624996
Kosovo,XKX,Population density (people per sq. km of land area),EN.POP.DNST,156.680444566915,157.943969872325,159.217782676587,160.501791127032,161.79608707633,163.100946082484,164.508128961146,165.812436851291,167.548452282539,167.337191145403,165.500137779002,166.822816202811,168.154679893451
Kuwait,KWT,Population density (people per sq. km of land area),EN.POP.DNST,127.396071829405,133.202693602694,140.51734006734,149.046520763187,158.307800224467,167.894725028058,177.781144781145,187.926655443322,197.888776655443,207.123569023569,215.240796857464,222.046745230079,227.614870931538
Kyrgyz Republic,KGZ,Population density (people per sq. km of land area),EN.POP.DNST,26.9165797705944,27.2075078206465,27.4681960375391,27.7304483837331,28.0672575599583,28.4040667361835,28.7518248175182,29.2346193952033,29.8206465067779,30.4249217935349,31.0578727841502,31.6970802919708,32.3159541188738
Lao PDR,LAO,Population density (people per sq. km of land area),EN.POP.DNST,24.9206065857886,25.3296100519931,25.758006932409,26.1985268630849,26.6404809358752,27.0761048526863,27.5024566724437,27.9225736568458,28.3418717504333,28.7684402079723,29.2078162911612,29.6613778162912,30.125801559792
Latvia,LVA,Population density (people per sq. km of land area),EN.POP.DNST,35.9958673362883,35.6671966873875,35.3772745104489,35.0074275807618,34.4430524284336,33.7010764781491,33.1142926045016,32.7166130588614,32.362871844348,32.0646831778707,31.8032647153426,31.5139433901576,31.2358957864265
Lebanon,LBN,Population density (people per sq. km of land area),EN.POP.DNST,459.312121212121,465.273998044966,466.016031280547,465.761583577713,470.481524926686,484.17018572825,508.537927663734,541.410948191593,578.164320625611,612.161290322581,638.580449657869,656.023558162268,665.872238514174
Lesotho,LSO,Population density (people per sq. km of land area),EN.POP.DNST,65.7481554677207,65.5447628458498,65.4453886693017,65.4522068511199,65.5510869565217,65.7305994729908,66.0008893280632,66.3698945981555,66.8155138339921,67.306884057971,67.8201910408432,68.3465415019763,68.8870882740448
Liberia,LBR,Population density (people per sq. km of land area),EN.POP.DNST,33.4106727574751,34.5640676910299,35.9417670265781,37.4570182724253,38.9756333056478,40.4002906976744,41.7093334717608,42.9366590531561,44.106457641196,45.2606416112957,46.4309593023256,47.6203073089701,48.8188122923588
Libya,LBY,Population density (people per sq. km of land area),EN.POP.DNST,3.29552837673483,3.34568807756573,3.39565284108347,3.44337042636144,3.48612932925651,3.5223200381918,3.55060925014492,3.5723825545313,3.59205189992839,3.61573877263376,3.64772326858156,3.6896938972686,3.74002523386794
Liechtenstein,LIE,Population density (people per sq. km of land area),EN.POP.DNST,216.95625,218.5625,220.10625,221.69375,223.29375,224.9625,226.83125,228.84375,230.8375,232.64375,234.1875,235.3625,236.25
Lithuania,LTU,Population density (people per sq. km of land area),EN.POP.DNST,53.0077855775367,52.1682992980217,51.5522335673261,51.0288153171121,50.4653530115676,49.418141204627,48.3153308737745,47.6716508688507,47.1908895093738,46.805538707103,46.3672785315243,45.7876649942685,45.151861559541
Luxembourg,LUX,Population density (people per sq. km of land area),EN.POP.DNST,191.42304526749,194.500823045267,197.527983539095,201.090534979424,204.848971193416,208.622633744856,213.311522633745,218.496296296296,223.604938271605,228.937860082305,234.404938271605,239.511934156379,245.405761316872
"Macao SAR, China",MAC,Population density (people per sq. km of land area),EN.POP.DNST,17244.928865108,17265.6999340014,17277.7735211679,17645.1707718425,17844.0675081791,18121.8516772827,18422.4748576286,18864.1805418385,19055.1816980769,19478.8120651133,19805.4278801043,20159.0792003315,20479.7699938293
Madagascar,MDG,Population density (people per sq. km of land area),EN.POP.DNST,31.5313202875125,32.4659851428965,33.4173573614885,34.3853784778347,35.3700811638064,36.37177150325,37.373932398869,38.4098196100001,39.4658869027157,40.5463853557924,41.6536404262633,42.788552767274,43.9507390855964
Malawi,MWI,Population density (people per sq. km of land area),EN.POP.DNST,133.919728468392,137.60817776835,141.512579550276,145.607658039881,149.853150190921,154.217352566822,158.698684768774,163.300859142978,168.002428935087,172.778319898176,177.612462876538,182.491397963513,187.423207467119
Malaysia,MYS,Population density (people per sq. km of land area),EN.POP.DNST,78.1939156901537,79.750299802161,81.3281692284279,82.8975985390352,84.4164967280475,85.8561406178664,87.2042459290823,88.4740800486988,89.693720894841,90.9041515751027,92.1350235884949,93.3946248668391,94.6736508902755
Maldives,MDV,Population density (people per sq. km of land area),EN.POP.DNST,1065.36,1091.62333333333,1117.23,1144.84,1177.99333333333,1219.11333333333,1268.31666666667,1324.12333333333,1385.31,1450.05,1516.38333333333,1585.04333333333,1654.67333333333
Mali,MLI,Population density (people per sq. km of land area),EN.POP.DNST,10.4701038362878,10.8207557839353,11.1879821994935,11.5667043657135,11.9501298978028,12.3336144370959,12.7148976798695,13.0959104729591,13.4813955203698,13.8783468148403,14.2918545472426,14.7234684762209,15.1717306321147
Malta,MLT,Population density (people per sq. km of land area),EN.POP.DNST,1261.98125,1266.5875,1271.0125,1279.309375,1288.990625,1295.3375,1300.8375,1312.5875,1331.146875,1357.99375,1390.790625,1422.9875,1462.496875
Marshall Islands,MHL,Population density (people per sq. km of land area),EN.POP.DNST,306.988888888889,309.816666666667,311.394444444444,312.077777777778,312.5,313.144444444444,314.061111111111,315.094444444444,316.322222222222,317.661111111111,319.105555555556,320.75,322.544444444444
Mauritania,MRT,Population density (people per sq. km of land area),EN.POP.DNST,2.93411661977297,3.01921606675075,3.10712816532454,3.19805763073639,3.29233433588823,3.39011836615892,3.49146017269817,3.59615212962065,3.70378771708548,3.81381197244591,3.92577956728437,4.03952071407781,4.15501503832347
Mauritius,MUS,Population density (people per sq. km of land area),EN.POP.DNST,605.051231527094,607.879802955665,610.655172413793,612.867487684729,614.497044334975,615.960591133005,616.947783251232,618.661083743842,620.026108374384,621.149753694581,621.972906403941,622.400492610837,622.962068965517
Mexico,MEX,Population density (people per sq. km of land area),EN.POP.DNST,54.5308279533939,55.330719925924,56.1591100594151,57.0052064096299,57.8532817202089,58.6913053319273,59.5156629542941,60.3277630597495,61.1266550065588,61.9126664780473,62.6859013863525,63.4447264590139,64.1875171686515
"Micronesia, Fed. Sts.",FSM,Population density (people per sq. km of land area),EN.POP.DNST,151.612857142857,150.53,149.205714285714,147.918571428571,147.107142857143,147.015714285714,147.785714285714,149.294285714286,151.322857142857,153.494285714286,155.564285714286,157.45,159.227142857143
Moldova,MDA,Population density (people per sq. km of land area),EN.POP.DNST,125.150102690848,124.802763950291,124.513871967139,124.277091238208,124.120304939604,124.169310140482,124.097535469028,124.03801791128,123.918445520075,123.886055665865,123.806319016268,123.731285052426,123.635210924165
Monaco,MCO,Population density (people per sq. km of land area),EN.POP.DNST,16921.5,17095,17262.5,17436,17613,17806,18012,18230,18450.5,18661,18859,19035,19196
Mongolia,MNG,Population density (people per sq. km of land area),EN.POP.DNST,1.62621591699065,1.64709184067561,1.66959756945338,1.69410772676948,1.72107675274853,1.7507505342568,1.78323463528927,1.81821043281238,1.85496022039702,1.89249723216355,1.93004389917351,1.9673260125132,2.00428628440485
Montenegro,MNE,Population density (people per sq. km of land area),EN.POP.DNST,45.6699628252788,45.7267657992565,45.7899628252788,45.8713011152416,45.969814126394,46.054126394052,46.1025278810409,46.1413382899628,46.1863940520446,46.2312267657993,46.2571747211896,46.2678810408922,46.2730855018587
Morocco,MAR,Population density (people per sq. km of land area),EN.POP.DNST,68.24010979162,69.0223683620883,69.8267376204347,70.6628075285682,71.5417589065651,72.4700627380686,73.452498319516,74.4833027111808,75.5449092538651,76.6129218014788,77.6688393457316,78.7055702442303,79.7250593771006
Mozambique,MOZ,Population density (people per sq. km of land area),EN.POP.DNST,26.0610964164908,26.8065184770722,27.5608687911697,28.3280297057402,29.1140542740151,29.9239222767619,30.7580139372822,31.616582313894,32.5042918182049,33.426794933747,34.3879574760294,35.3899412497775,36.4315051247489
Myanmar,MMR,Population density (people per sq. km of land area),EN.POP.DNST,74.9202950899963,75.445008952209,75.9295430897295,76.4256509161041,76.9177514158886,77.4589260018982,78.0520366146734,78.716524534946,79.3967829362406,80.0526842040791,80.6650425675262,81.2231671464445,81.7397271390948
Namibia,NAM,Population density (people per sq. km of land area),EN.POP.DNST,2.35435873143121,2.3944381688105,2.43718981160952,2.48198569155462,2.52771684339662,2.5736666302275,2.61961277314191,2.66586986359606,2.71290796681607,2.76139634879569,2.81177227951269,2.86416815459923,2.91829489001445
Nauru,NRU,Population density (people per sq. km of land area),EN.POP.DNST,492.45,491.4,492.1,494.55,496.95,500.25,502.85,513.95,541.05,592.65,623.75,652.45,643.8
Nepal,NPL,Population density (people per sq. km of land area),EN.POP.DNST,179.591907917684,181.839504708755,184.043118242065,186.024248343216,187.537739797698,188.442357865365,188.639253575166,188.27946982909,187.777509591908,187.700913847227,188.455047087548,190.171824206488,192.724966864318
Netherlands,NLD,Population density (people per sq. km of land area),EN.POP.DNST,483.408412322275,484.185456161137,485.23981042654,487.132494075829,490.079691669137,492.599881411207,495.049644128114,496.884994068802,498.795844464233,500.593885425942,502.817542297418,505.500563965568,508.497951914515
New Caledonia,NCL,Population density (people per sq. km of land area),EN.POP.DNST,12.7051422319475,12.8966083150985,13.0880743982495,13.2795404814004,13.4545951859956,13.6624726477024,13.914113785558,14.1684901531729,14.4228665207877,14.6635667396061,14.9015317286652,15.1285557986871,15.3364332603939
New Zealand,NZL,Population density (people per sq. km of land area),EN.POP.DNST,15.6997455470738,15.8922942539212,16.0411682047776,16.1778891800539,16.340435228438,16.5231096426266,16.6495765447571,16.7411036420949,16.8702290076336,17.1269606167635,17.4535718354791,17.8238578101857,18.2062967604724
Nicaragua,NIC,Population density (people per sq. km of land area),EN.POP.DNST,45.1943659631045,45.8182067475486,46.4521771647,47.095163702842,47.7441083596477,48.3967508725278,49.0530081435932,49.7135283363803,50.3777131460861,51.0448146917068,51.7138108692039,52.3846933687884,53.0567974073459
Niger,NER,Population density (people per sq. km of land area),EN.POP.DNST,10.7558751085498,11.1659990526565,11.5934309623431,12.0398736875345,12.5074074366464,12.9975724323044,13.5112978605826,14.0484653035446,14.6082379411068,15.1891979158443,15.7903710428673,16.4118086366148,17.0541343648851
Nigeria,NGA,Population density (people per sq. km of land area),EN.POP.DNST,152.469905684201,156.503077615644,160.677203904389,164.991845361617,169.444462377988,174.032079449257,178.755416845087,183.61251139146,188.594012758435,193.687651108403,198.883854321069,204.179198919596,209.573559735169
North Macedonia,MKD,Population density (people per sq. km of land area),EN.POP.DNST,81.0174203696422,81.1298073141958,81.8638921918351,81.9386841062228,82.0396114195083,82.1070975416336,82.1763283108644,82.2473433782712,82.3182791435369,82.3860031720857,82.4475812846947,82.503766851705,82.5533703409992
Northern Mariana Islands,MNP,Population density (people per sq. km of land area),EN.POP.DNST,122.917391304348,121.482608695652,120.041304347826,118.75,117.810869565217,117.328260869565,117.417391304348,118.067391304348,119.095652173913,120.228260869565,121.260869565217,122.147826086957,122.960869565217
Norway,NOR,Population density (people per sq. km of land area),EN.POP.DNST,12.65808938075,12.7604483561181,12.893170596795,13.0548679895695,13.2205490208493,13.3862629068797,13.5610392282727,13.7403303399718,13.912086861994,14.0698665657304,14.2105725713798,14.3363164960781,14.4525759458847
Oman,OMN,Population density (people per sq. km of land area),EN.POP.DNST,8.11389660743134,8.33847495961228,8.58532471728594,8.88841033925687,9.29300807754443,9.82692730210016,10.5043877221325,11.3021938610662,12.1641518578352,13.0121486268174,13.7878772213247,14.472436187399,15.075718901454
Pakistan,PAK,Population density (people per sq. km of land area),EN.POP.DNST,207.949366957244,212.773229296389,217.683822384807,222.66628528435,227.69511337692,232.753010844749,237.832855956829,242.945043327107,248.10984718763,253.355677926526,258.700399543379,264.149133457866,269.687481838937
Palau,PLW,Population density (people per sq. km of land area),EN.POP.DNST,43.0021739130435,42.4782608695652,41.6478260869565,40.6608695652174,39.75,39.0326086956522,38.5760869565217,38.3478260869565,38.2739130434783,38.3173913043478,38.4021739130435,38.5326086956522,38.7130434782609
Panama,PAN,Population density (people per sq. km of land area),EN.POP.DNST,44.7971078827011,45.6237019101426,46.4578288942696,47.2989507667474,48.1465563626581,49.0003631961259,49.8585283831047,50.72133440947,51.593179983858,52.4793516276567,53.3829297820823,54.3055959106807,55.2430858218994
Papua New Guinea,PNG,Population density (people per sq. km of land area),EN.POP.DNST,14.341966612198,14.6775935167601,15.0344786468224,15.4047630614318,15.7770083469505,16.1429735459082,16.5000220818796,16.8506867464559,17.1982047431877,17.5478757231816,17.9034911451663,18.2656008479442,18.6327540520249
Paraguay,PRY,Population density (people per sq. km of land area),EN.POP.DNST,14.6591895293229,14.8834860307073,15.0979788572867,15.306559275107,15.514653913919,15.7262018625724,15.9425522275359,16.1628794361943,16.3862975081802,16.6109388371508,16.8355046564309,17.0598338786811,17.2843241882708
Peru,PER,Population density (people per sq. km of land area),EN.POP.DNST,21.77042578125,21.95473125,22.135196875,22.31431015625,22.49426171875,22.6778703125,22.8627484375,23.052178125,23.26092734375,23.50809296875,23.8052609375,24.1609625,24.56585703125
Philippines,PHL,Population density (people per sq. km of land area),EN.POP.DNST,289.520240131469,294.760287755307,299.847342120267,304.866234027568,309.937813998726,315.14498440487,320.522007579569,326.03091524969,331.594566857833,337.100103967535,342.466418486099,347.667193211926,352.72919475467
Poland,POL,Population density (people per sq. km of land area),EN.POP.DNST,124.589315444129,124.514452206843,124.44685296422,124.471952334313,124.564460624265,124.209200731357,124.296296901022,124.300058781268,124.229110740995,124.144273163722,124.061569613639,124.008253045495,124.0237303635
Portugal,PRT,Population density (people per sq. km of land area),EN.POP.DNST,114.828140373893,115.035399584563,115.261440909588,115.427757734776,115.386472322306,115.439458456163,115.269789278306,114.803406485424,114.156134532831,113.541775697936,113.072524887763,112.71638943829,112.441821058412
Puerto Rico,PRI,Population density (people per sq. km of land area),EN.POP.DNST,430.818714768884,428.998196166855,426.493235625705,423.998421645998,421.69222096956,419.56313416009,414.738669673055,409.750620067644,405.081961668546,398.520180383315,391.563246899662,384.04678692221,374.859188275085
Qatar,QAT,Population density (people per sq. km of land area),EN.POP.DNST,74.5405684754522,88.0888027562446,104.946942291128,123.74375538329,142.545219638243,159.890353143842,175.354952627046,189.153660637382,201.255297157623,211.817226528854,220.991386735573,228.628251507321,234.687683031869
Romania,ROU,Population density (people per sq. km of land area),EN.POP.DNST,92.7023436820593,92.1547960692234,90.8390186610988,89.3339495432797,88.5311962096844,88.0107411432297,87.5332493374462,87.201265107382,86.8742903099596,86.5306806328234,86.1243089360223,85.6325278164117,85.1333927329624
Russian Federation,RUS,Population density (people per sq. km of land area),EN.POP.DNST,8.76107113010556,8.73438752843799,8.71946239224704,8.71609471162683,8.71871987748575,8.72263436175533,8.72943779855369,8.74414195142295,8.76278012831512,8.78187748941037,8.79880404497318,8.8137962870805,8.82322079860193
Rwanda,RWA,Population density (people per sq. km of land area),EN.POP.DNST,358.338670449939,366.572233481962,375.9123226591,386.077584110255,396.545196595055,406.945196595055,417.240818808269,427.631860559384,438.246574787191,449.275841102554,460.846007296311,472.99627077422,485.648034049453
Samoa,WSM,Population density (people per sq. km of land area),EN.POP.DNST,63.5077738515901,63.9137809187279,64.3272084805654,64.7572438162544,65.2141342756184,65.7063604240283,66.2434628975265,66.8155477031802,67.3911660777385,67.9226148409894,68.3791519434629,68.7402826855124,69.0289752650177
San Marino,SMR,Population density (people per sq. km of land area),EN.POP.DNST,488.733333333333,495,501.05,507.233333333333,513.6,520.483333333333,527.683333333333,535.083333333333,542.55,549.133333333333,554.533333333333,558.4,561.183333333333
Sao Tome and Principe,STP,Population density (people per sq. km of land area),EN.POP.DNST,164.033333333333,168.417708333333,173.229166666667,178.25,183.204166666667,187.886458333333,192.2125,196.254166666667,200.090625,203.882291666667,207.741666666667,211.694791666667,215.717708333333
Saudi Arabia,SAU,Population density (people per sq. km of land area),EN.POP.DNST,11.0788918402188,11.3962059645809,11.7154552516875,12.0429182812406,12.3879736148003,12.7560071452163,13.1496564620945,13.5625076173774,13.9799310598272,14.3820709032465,14.754530653257,15.0917443910517,15.3971721504031
Senegal,SEN,Population density (people per sq. km of land area),EN.POP.DNST,57.6020152703475,59.1194515140498,60.7026437438321,62.35236586506,64.0683737599335,65.8502467147977,67.6975484340103,69.609884173895,71.5858307796188,73.6234924427362,75.7204539552278,77.8763205734171,80.0881992416766
Serbia,SRB,Population density (people per sq. km of land area),EN.POP.DNST,85.0762520009147,84.742385090327,84.3994854790761,84.0409558655385,83.7046306883147,83.3688085982163,82.7132289046421,82.3127944203064,81.9132403384404,81.529567802424,81.1271781385776,80.7034301394923,80.275074319689
Seychelles,SYC,Population density (people per sq. km of land area),EN.POP.DNST,180.126086956522,183.913043478261,184.854347826087,189.034782608696,189.778260869565,195.152173913043,190.089130434783,191.963043478261,195.541304347826,198.60652173913,203.084782608696,205.819565217391,208.354347826087
Sierra Leone,SLE,Population density (people per sq. km of land area),EN.POP.DNST,78.2159046827376,80.7597256857855,82.9818924909947,84.976489332225,86.9040454419507,88.8838182321973,90.9287891382654,92.9977971737323,95.0953172623996,97.2172901080632,99.3615128844555,101.535577722361,103.746619562206
Singapore,SGP,Population density (people per sq. km of land area),EN.POP.DNST,6191.23643763313,6342.02435623687,6602.30071942446,6913.42285714286,7125.10428571429,7231.81228019572,7363.19302222527,7524.69846291471,7636.72168748833,7714.70223171084,7806.77275159112,7908.72056321932,7915.73043612911
Sint Maarten (Dutch part),SXM,Population density (people per sq. km of land area),EN.POP.DNST,970.911764705882,983.558823529412,994.441176470588,998.941176470588,1007,1001.64705882353,983.382352941176,1018.82352941176,1076.67647058824,1108.38235294118,1141.91176470588,1175.55882352941,1193.35294117647
Slovak Republic,SVK,Population density (people per sq. km of land area),EN.POP.DNST,111.700769230769,111.705904365904,111.738503118503,111.834365904366,112.006778956124,112.108874644293,112.260526935178,112.451738887712,112.572642236492,112.700686356073,112.803144205344,112.953369384359,113.128785357737
Slovenia,SVN,Population density (people per sq. km of land area),EN.POP.DNST,99.3284011916584,99.6458788480636,100.204667328699,100.332370615751,101.245373452163,101.685826853954,101.898293699867,102.114051874416,102.281678252234,102.382323733863,102.446108744427,102.524180819215,102.59100635951
Solomon Islands,SLB,Population density (people per sq. km of land area),EN.POP.DNST,16.7887817077528,17.1874955341193,17.5824222936763,17.9835655591283,18.4058949624866,18.8589138978206,19.3469453376206,19.8665237584852,20.4121114683816,20.9745980707396,21.5476241514827,22.1306538049303,22.7237584851733
Somalia,SOM,Population density (people per sq. km of land area),EN.POP.DNST,16.6526333407721,17.1580084164887,17.6620668218191,18.1674817483342,18.6783753626423,19.1983342366181,19.7282207415437,20.2689291293398,20.8239646762521,21.3976089520834,21.9931791373099,22.6123202728983,23.2555217266554
South Africa,ZAF,Population density (people per sq. km of land area),EN.POP.DNST,39.4699494678878,39.971856168957,40.4914383928645,41.0352661385388,41.610277061059,42.2202507645764,42.8691787089169,43.5532441945775,44.2582462966474,44.9645046946228,45.6572612089787,46.3309845106299,46.987817062213
South Sudan,SSD,Population density (people per sq. km of land area),EN.POP.DNST,..,..,..,..,..,..,..,..,..,..,..,..,..
Spain,ESP,Population density (people per sq. km of land area),EN.POP.DNST,87.4654972049129,88.9761493446631,90.6149005229308,92.1293223736969,92.9750651746681,93.1519309613808,93.5078358806114,93.5068371284061,93.2009456028468,92.9227364506907,92.9526830143124,93.0482790070529,93.2678044400906
Sri Lanka,LKA,Population density (people per sq. km of land area),EN.POP.DNST,311.672588103971,314.080242385584,316.409567852017,318.673002710891,320.897911018976,323.102168713124,325.285759846914,325.70562908627,328.257056290863,331.334715356403,334.396428001914,338.111943868601,341.955031095519
St. Kitts and Nevis,KNA,Population density (people per sq. km of land area),EN.POP.DNST,180.219230769231,182.073076923077,183.761538461538,185.326923076923,186.919230769231,188.523076923077,190.180769230769,191.873076923077,193.580769230769,195.284615384615,196.934615384615,198.557692307692,200.173076923077
St. Lucia,LCA,Population density (people per sq. km of land area),EN.POP.DNST,267.896721311475,271.116393442623,274.818032786885,278.706557377049,282.329508196721,285.385245901639,287.777049180328,289.583606557377,291.004918032787,292.288524590164,293.649180327869,295.12131147541,296.647540983607
St. Martin (French part),MAF,Population density (people per sq. km of land area),EN.POP.DNST,629.558823529412,647.738970588235,664.283088235294,678.033088235294,687.077205882353,690.845588235294,688.345588235294,680.3125,670.091911764706,662.040441176471,659.154411764706,662.959558823529,672.058823529412
St. Vincent and the Grenadines,VCT,Population density (people per sq. km of land area),EN.POP.DNST,278.497435897436,278.469230769231,278.251282051282,277.930769230769,277.658974358974,277.576923076923,277.733333333333,278.038461538462,278.517948717949,279.130769230769,279.866666666667,280.664102564103,281.607692307692
Sudan,SDN,Population density (people per sq. km of land area),EN.POP.DNST,..,..,..,..,..,..,..,..,..,..,..,..,..
Suriname,SUR,Population density (people per sq. km of land area),EN.POP.DNST,3.20169230769231,3.23907051282051,3.27680128205128,3.31489102564103,3.35327564102564,3.39186538461538,3.43063461538462,3.46951923076923,3.50827564102564,3.5466217948718,3.58425,3.62107692307692,3.65702564102564
Sweden,SWE,Population density (people per sq. km of land area),EN.POP.DNST,22.0050982112395,22.1292221084954,22.2939318613832,22.4682872739679,22.6605132329288,22.8545255154262,23.027764780426,23.3696027888251,23.5684661462169,23.8052343423928,24.0582995752621,24.3624880312293,24.6929807763129
Switzerland,CHE,Population density (people per sq. km of land area),EN.POP.DNST,188.195630044729,189.38517834029,191.090110673868,193.533627163739,195.966970559419,198.01874700431,200.232761525969,202.370199472944,204.710643792066,207.223625813169,209.596006562314,211.89740340796,213.883991070172
Syrian Arab Republic,SYR,Population density (people per sq. km of land area),EN.POP.DNST,100.022748815166,103.7916353537,108.245774341102,112.524711391854,115.475239599216,116.334634863584,114.812209333987,111.324625605838,106.650732451125,101.920557643087,98.009083483091,95.0494635952731,92.9477863094266
Tajikistan,TJK,Population density (people per sq. km of land area),EN.POP.DNST,48.509009717062,49.4611817662189,50.4620748785367,51.5142183480995,52.6204129751358,53.7824664189769,54.9979279794227,56.264897113461,57.5862317805087,59.4644505373958,60.9123712083003,62.4222134159522,63.9834858419194
Tanzania,TZA,Population density (people per sq. km of land area),EN.POP.DNST,43.4074508918492,44.6473955746218,45.9261842402348,47.2498803341612,48.6270422217205,50.0638123729962,51.5616820952811,53.1186283585459,54.7327455407541,56.4007925039512,58.1199288778505,59.8902573944457,61.7113411605329
Thailand,THA,Population density (people per sq. km of land area),EN.POP.DNST,128.043588639433,128.81938577776,129.542694122022,130.225653271741,130.883045273934,131.525432089099,132.158355027501,132.779966333262,133.383900643974,133.959815224412,134.499620270508,135.002311652215,135.469196891699
Timor-Leste,TLS,Population density (people per sq. km of land area),EN.POP.DNST,66.9223268325488,68.3545393409549,69.6968392737055,70.9772024209818,72.2445864156019,73.5388702084734,74.8588433086752,76.1932750504371,77.558507061197,78.9731674512441,80.4507061197041,81.9965030262273,83.6086751849361
Togo,TGO,Population density (people per sq. km of land area),EN.POP.DNST,103.174112888399,105.954771097628,108.850137892995,111.848133848134,114.926181283324,118.067273395845,121.271244714102,124.541404669976,127.867641110498,131.23730465159,134.641625298768,138.075969847398,141.542103327818
Tonga,TON,Population density (people per sq. km of land area),EN.POP.DNST,140.145833333333,141.258333333333,142.473611111111,143.581944444444,144.291666666667,144.425,143.836111111111,142.690277777778,141.344444444444,140.316666666667,139.973611111111,140.4625,141.663888888889
Trinidad and Tobago,TTO,Population density (people per sq. km of land area),EN.POP.DNST,252.729434697856,253.910526315789,255.058674463938,256.226705653021,257.491228070175,258.898050682261,260.463547758285,262.147563352827,263.879142300195,265.563742690058,267.120467836257,268.530994152047,269.799610136452
Tunisia,TUN,Population density (people per sq. km of land area),EN.POP.DNST,65.05388130793,65.6617790937178,66.3280509783728,67.0341979917611,67.7503475798146,68.4554840370752,69.1418640576725,69.8184989701339,70.5004570030896,71.2100991246138,71.9615666838311,72.7596936148301,73.5932221936148
Turkey,TUR,Population density (people per sq. km of land area),EN.POP.DNST,88.2287189948417,89.3374868443278,90.4094798799423,91.4966984135234,92.669723113704,93.9763106947494,95.4274950300794,96.9985785377389,98.6559307719294,100.349397762561,102.035275392072,103.714413419435,105.377768538129
Turkmenistan,TKM,Population density (people per sq. km of land area),EN.POP.DNST,10.1177749877641,10.2357989487796,10.3635456344562,10.5031962207137,10.6568084608346,10.825469750814,11.0103313259422,11.2099674419594,11.4195199285,11.6322175643181,11.8427999914881,12.0493945906837,12.2521843678846
Turks and Caicos Islands,TCA,Population density (people per sq. km of land area),EN.POP.DNST,29.6631578947368,30.9378947368421,31.9842105263158,32.8442105263158,33.6147368421053,34.3789473684211,35.1336842105263,35.8589473684211,36.5589473684211,37.2305263157895,37.8747368421053,38.4831578947368,39.0684210526316
Tuvalu,TUV,Population density (people per sq. km of land area),EN.POP.DNST,333.333333333333,337.333333333333,340.7,343.8,347.466666666667,351,354.433333333333,357.966666666667,361.9,365.733333333333,369.966666666667,374.166666666667,379
Uganda,UGA,Population density (people per sq. km of land area),EN.POP.DNST,138.554551824233,142.99321855763,147.571883289125,152.30336819979,157.204824583354,161.720362058648,166.95052363854,172.347735886695,178.013395172551,184.082126471175,190.63162278077,197.723449032515,205.27860063834
Ukraine,UKR,Population density (people per sq. km of land area),EN.POP.DNST,81.302685629466,80.7576463684065,80.2812731948976,79.8491334668232,79.495442933094,79.180245805427,78.896119588483,78.7014085479528,78.5224055789546,78.1507483298521,77.9471922525851,77.6893179581902,77.389796129745
United Arab Emirates,ARE,Population density (people per sq. km of land area),EN.POP.DNST,64.6046888200507,74.6293156857223,86.8605744860603,99.8238101943115,111.480878625739,120.388453956632,125.975457617573,128.718614474796,129.511546043368,129.740566037736,130.426640382991,131.807659814137,133.584947901999
United Kingdom,GBR,Population density (people per sq. km of land area),EN.POP.DNST,249.663977183483,251.50589013351,253.471925763651,255.474703426611,257.414417393461,259.440189310958,261.47612119208,263.30054147894,265.06934237176,267.073781672385,269.205394122267,271.134481048237,273.049472988054
United States,USA,Population density (people per sq. km of land area),EN.POP.DNST,32.2548765979183,32.5673998463204,32.8786113609374,33.2436868537795,33.5363992251367,33.815664416852,34.0620643853677,34.3128683279001,34.5515704974736,34.8061443554576,35.0637308661896,35.3183019911625,35.5452270694906
Uruguay,URY,Population density (people per sq. km of land area),EN.POP.DNST,18.9795623357331,19.0001199862873,19.0363901268426,19.0847960233116,19.1388184207519,19.193663581305,19.2488515598217,19.3062164324077,19.366009598903,19.4288309907439,19.4949662895669,19.5642326591247,19.635733059079
Uzbekistan,UZB,Population density (people per sq. km of land area),EN.POP.DNST,61.5115185707569,62.2666901739539,63.1593794076164,64.1814762576399,65.2736248236953,67.1424541607898,68.9689703808181,69.9917724494593,71.093559003291,72.3030089327692,73.575223319229,74.8657733897508,76.1368124118477
Vanuatu,VUT,Population density (people per sq. km of land area),EN.POP.DNST,17.1683347005742,17.5857260049221,18.0042657916325,18.4334700574241,18.8881870385562,19.3774405250205,19.9059064807219,20.4675143560295,21.0529122231337,21.647908121411,22.2420016406891,22.8326497128794,23.4216570959803
"Venezuela, RB",VEN,Population density (people per sq. km of land area),EN.POP.DNST,29.9670619579389,30.4406711637662,30.8912306558585,31.3313667025679,31.7793877898078,32.2430020973868,32.7513961793549,33.2888713791735,33.7663068987019,34.0628467773936,34.1044487273964,33.8372870018706,33.3205702624568
Vietnam,VNM,Population density (people per sq. km of land area),EN.POP.DNST,270.366888122037,272.898184280969,275.484861482891,278.141751862483,280.879324023608,283.702554261941,286.617734705067,289.620043861064,292.687044860838,295.786741703486,298.890818202341,301.992208211049,305.08156867804
Virgin Islands (U.S.),VIR,Population density (people per sq. km of land area),EN.POP.DNST,309.868571428571,309.631428571429,309.54,309.711428571429,309.728571428571,309.594285714286,309.405714285714,309.117142857143,308.697142857143,308.24,307.742857142857,307.171428571429,306.48
West Bank and Gaza,PSE,Population density (people per sq. km of land area),EN.POP.DNST,551.560797342193,565.836212624585,580.481063122924,596.673920265781,612.807142857143,628.930398671096,645.014285714286,661.129235880399,677.194019933555,693.255481727575,709.317607973422,725.429900332226,740.000830564784
"Yemen, Rep.",YEM,Population density (people per sq. km of land area),EN.POP.DNST,38.0843779002595,39.1833740553441,40.3100839062826,41.4647536791863,42.6472337443415,43.856383885448,45.0926908725875,46.3533496221376,47.6298066178003,48.9108945584029,50.1882474383014,51.4578669242571,52.7204594958047
Zambia,ZMB,Population density (people per sq. km of land area),EN.POP.DNST,15.9488922369147,16.3756762937355,16.8188407161786,17.2837003457136,17.7768587148065,18.3026190828502,18.8638440118915,19.4583206661376,20.0789679710515,20.7155772878301,21.3607406610258,22.0120085015941,22.6713945573656
Zimbabwe,ZWE,Population density (people per sq. km of land area),EN.POP.DNST,31.2180405842058,31.4217164275559,31.6813286803671,32.0009021584594,32.381977510663,32.8233759855241,33.3315652061523,33.9023678428331,34.5104200594546,35.1213157554608,35.7105570634613,36.2682952048598,36.8017190125372
,,,,,,,,,,,,,,,,
,,,,,,,,,,,,,,,,
,,,,,,,,,,,,,,,,
Data from database: World Development Indicators,,,,,,,,,,,,,,,,
Last Updated: 07/10/2019,,,,,,,,,,,,,,,,
